customer_id,customer_name,email,registration_date,customer_type
CUST_0001,Matthew Lewis,rebekahryan@example.com,2025-12-30 09:56:15,REGULAR
CUST_0002,Corey Davis,todd35@example.com,2024-06-20 00:27:03,VIP
CUST_0003,Jennifer Brown,james53@example.net,2025-10-23 08:03:20,REGULAR
CUST_0004,Debra Casey,jason95@example.net,2025-07-07 04:43:31,REGULAR
CUST_0005,Shane Robinson,vjones@example.net,2024-07-01 13:08:05,REGULAR
CUST_0006,Robert Duke,laura55@example.org,2023-12-05 17:40:56,VIP
CUST_0007,Monica Cox,joshuagallagher@example.com,2025-05-12 09:14:33,REGULAR
CUST_0008,Catherine Schmidt,gjackson@example.com,2026-04-20 01:49:45,PREMIUM
CUST_0009,Sheri Roberson,jonesbarbara@example.net,2023-07-20 20:45:46,REGULAR
CUST_0010,Ricky Rojas,isparks@example.net,2024-01-12 06:53:15,REGULAR
CUST_0011,Stacey Morgan,ihester@example.org,2025-11-07 21:10:09,REGULAR
CUST_0012,Corey Shelton,dunnhannah@example.com,2023-10-24 13:33:49,REGULAR
CUST_0013,Brian Pollard,ramirezeric@example.com,2024-12-01 11:53:16,PREMIUM
CUST_0014,Mark Gates,codyvaldez@example.org,2024-11-18 09:59:04,REGULAR
CUST_0015,Craig Watkins,brockjohn@example.com,2025-06-23 09:03:29,REGULAR
CUST_0016,Stephanie Morales,andrew24@example.com,2024-11-12 12:35:09,REGULAR
CUST_0017,Grant Wood,zacharyrobinson@example.net,2023-10-04 00:39:43,REGULAR
CUST_0018,Lori Clark,ericamcdaniel,2025-06-05 14:40:44,REGULAR
CUST_0019,Christina Mccann,kevin44@example.org,2025-06-22 17:02:10,PREMIUM
CUST_0020,Jessica Williams,brandonhaney@example.net,2023-09-12 13:11:00,REGULAR
CUST_0021,Lisa Larsen,stephaniemejia@example.com,2025-11-16 06:48:53,PREMIUM
CUST_0022,Tiffany Freeman,qpennington@example.com,2023-08-01 04:43:04,REGULAR
CUST_0023,Melissa Davila,johnsonmolly@example.net,2026-03-25 06:58:11,PREMIUM
CUST_0024,Jennifer Baker,abigail12@example.com,2025-06-09 05:23:07,VIP
CUST_0025,Marilyn Jackson,jay81@example.org,2024-07-16 03:15:37,PREMIUM
CUST_0026,Teresa Bauer,shanejohnson@example.org,2026-01-09 00:24:25,REGULAR
CUST_0027,Timothy Mckee,danielrose@example.org,2026-06-07 06:18:36,REGULAR
CUST_0028,Joan Duncan DVM,hvelez@example.org,2025-12-23 18:57:16,REGULAR
CUST_0029,Audrey Cohen,chaneyrichard@example.org,2026-02-18 05:51:13,PREMIUM
CUST_0030,Mary Gray,phillipsjoe@example.net,2023-10-15 15:37:49,REGULAR
CUST_0031,Julie Gonzalez,heidi34@example.com,2026-03-21 21:14:39,REGULAR
CUST_0032,Norma Avila,tylertucker@example.org,2024-03-02 11:21:28,REGULAR
CUST_0033,Peter Brooks,kimberly34@example.net,2024-05-03 02:48:54,REGULAR
CUST_0034,Amy Powers,kimberly79@example.com,2024-08-09 21:43:23,REGULAR
CUST_0035,Janice Gomez,donnawatson@example.org,2023-11-30 17:32:28,REGULAR
CUST_0036,Sydney Lopez,jamestracy@example.com,2024-07-05 16:28:31,VIP
CUST_0037,Dominique Sanders,unelson@example.org,2026-06-13 21:26:33,VIP
CUST_0038,Kelly Brown,ophillips@example.com,2024-03-22 19:51:48,VIP
CUST_0039,Lisa Taylor,goodwintracy@example.com,2023-12-25 09:05:13,REGULAR
CUST_0040,Brian Juarez,kendracarrillo@example.net,2025-07-26 05:14:31,REGULAR
CUST_0041,Carmen Jones,mcclureshawn@example.com,2023-12-10 03:22:25,REGULAR
CUST_0042,Amy Figueroa,wsingh@example.org,2024-07-08 15:31:51,VIP
CUST_0043,Cameron Bowen,smithjonathan@example.net,2026-01-04 05:17:58,REGULAR
CUST_0044,Anthony Lopez,andreasimon@example.org,2025-10-10 13:52:29,REGULAR
CUST_0045,Cody Porter,obrientimothy@example.com,2025-07-20 13:22:44,REGULAR
CUST_0046,Cassidy Smith,jacksonlinda@example.org,2025-07-27 18:39:23,REGULAR
CUST_0047,Nathan Kent,moorejerry@example.net,2024-11-22 23:14:46,PREMIUM
CUST_0048,Todd Nash,lukebarton@example.net,2024-07-27 21:07:03,REGULAR
CUST_0049,Jennifer Gibbs,jeremy44@example.com,2025-02-28 00:25:32,VIP
CUST_0050,Samantha Deleon,jennifersmith@example.org,2026-05-02 12:41:13,REGULAR
CUST_0051,Bobby Lester,jason79@example.org,2024-04-17 04:27:41,REGULAR
CUST_0052,Jennifer Nielsen,turnerchristine@example.net,2025-03-18 09:26:39,REGULAR
CUST_0053,Samantha Patton,christina23@example.net,2026-02-21 13:23:47,PREMIUM
CUST_0054,Sean Mathews,cruzyolanda@example.net,2024-04-04 14:14:44,REGULAR
CUST_0055,Jon Chang,olyons@example.com,2026-06-27 21:22:15,REGULAR
CUST_0056,Jeffrey Miles,kylealexanderexample.org,2026-03-24 20:58:20,REGULAR
CUST_0057,Tracy Brown,tony15@example.com,2023-09-09 23:02:35,PREMIUM
CUST_0058,Joshua Stein,revans@example.org,2025-07-08 01:36:07,REGULAR
CUST_0059,Michael Johnson,joseph91@example.net,2024-02-06 17:20:53,REGULAR
CUST_0060,George Thomas,mcaldwell@example.com,2024-04-21 18:50:38,REGULAR
CUST_0061,Roger Young,ryanbrown@example.com,2026-05-19 22:44:54,REGULAR
CUST_0062,Joshua Hernandez,charlesmaldonado@example.com,2024-12-06 10:34:13,REGULAR
CUST_0063,Kevin Miller,johnjohnson@example.org,2023-08-08 16:59:41,REGULAR
CUST_0064,Gabriela Perry,moralespaula@example.com,2024-12-24 12:30:18,REGULAR
CUST_0065,Cristian Smith,greenamy@example.net,2025-12-21 05:47:26,REGULAR
CUST_0066,Leslie Lopez,danielmeyer@example.org,2025-08-08 16:25:08,REGULAR
CUST_0067,William Rubio,kjones@example.com,2025-02-21 15:44:37,PREMIUM
CUST_0068,Savannah Williams,waltongrace@example.net,2024-03-12 02:07:23,REGULAR
CUST_0069,Andrew Jackson,michaellawson@example.net,2026-07-08 19:26:12,REGULAR
CUST_0070,Dr. Chris Thompson,warejames@example.org,2026-05-05 06:17:19,REGULAR
CUST_0071,Chase Pearson,linda11@example.net,2025-10-06 05:51:03,PREMIUM
CUST_0072,Michelle White,ericaking@example.net,2026-05-09 07:07:46,REGULAR
CUST_0073,Joseph Lloyd,mwhite@example.net,2026-05-17 01:53:46,PREMIUM
CUST_0074,Mr. Mark Carr,andersonjames@example.org,2026-03-30 12:43:07,PREMIUM
CUST_0075,Whitney Hale,troygrant@example.org,2026-04-01 18:30:34,VIP
CUST_0076,Jill White,allenkelly@example.org,2025-01-20 07:10:17,REGULAR
CUST_0077,Angel Taylor,lloydmegan@example.org,2024-09-08 12:06:58,REGULAR
CUST_0078,Robert Brown,skent@example.net,2026-03-11 20:26:23,REGULAR
CUST_0079,Erin Moore,crawforddawn@example.org,2024-01-27 17:51:49,PREMIUM
CUST_0080,Charles Sims,ulane@example.org,2024-12-24 16:41:44,REGULAR
CUST_0081,Amanda Griffin,eileen83@example.org,2025-05-02 11:53:09,REGULAR
CUST_0082,Jason Gutierrez,daniel74@example.com,2024-11-30 23:17:57,REGULAR
CUST_0083,Jason Wheeler,sarah82@example.com,2024-05-27 10:10:43,PREMIUM
CUST_0084,Randall Johnson,pthompson@example.com,2026-06-22 01:55:31,PREMIUM
CUST_0085,William Boone,sara68@example.net,2026-07-04 23:20:43,PREMIUM
CUST_0086,Justin Travis,dennisdon@example.net,2025-06-28 05:15:13,REGULAR
CUST_0087,Juan Cortez,dunnlisa@example.net,2024-09-27 08:35:45,REGULAR
CUST_0088,Derek Watts,bmiller@example.com,2024-04-18 17:59:19,REGULAR
CUST_0089,Craig Eaton,perezkrista@example.net,2025-08-14 19:16:25,REGULAR
CUST_0090,Glenda Farley,ofowler@example.net,2025-11-04 18:35:09,PREMIUM
CUST_0091,William Cline,rhaley@example.org,2024-04-09 17:50:14,REGULAR
CUST_0092,John Acevedo,glamb@example.org,2025-09-08 13:39:01,REGULAR
CUST_0093,Thomas Watkins,yrobbins@example.com,2025-02-04 13:43:24,REGULAR
CUST_0094,Kimberly Barnes,edward88@example.net,2024-01-17 11:46:39,PREMIUM
CUST_0095,Antonio Brooks,kristopher81@example.net,2025-07-19 06:56:32,REGULAR
CUST_0096,Debra Chavez,karenmaynard@example.com,2026-02-24 20:38:25,REGULAR
CUST_0097,Jamie Donaldson,hmorrow@example.com,2025-11-01 21:01:08,REGULAR
CUST_0098,Francis Romero,michael98@example.net,2025-04-28 16:17:33,VIP
CUST_0099,Thomas Walker,tmiller@example.org,2026-02-22 15:18:48,REGULAR
CUST_0100,Amy Welch,kimberly00@example.net,2024-06-20 02:36:33,REGULAR
CUST_0101,Amanda Armstrong,natalie47@example.org,2025-08-19 20:52:25,REGULAR
CUST_0102,Karen Vazquez,othomas@example.org,2023-09-21 20:27:28,VIP
CUST_0103,Christopher Stanton,curryvirginia@example.org,2024-02-06 02:15:42,VIP
CUST_0104,Carrie Jenkins,marypatton@example.com,2025-08-29 08:56:17,REGULAR
CUST_0105,Shawn Flores,ovaughan@example.org,2026-02-18 15:42:40,REGULAR
CUST_0106,Mark Black,dawnboyle@example.com,2024-10-17 04:48:02,VIP
CUST_0107,Jason Jones,stephaniepatel@example.org,2025-08-29 18:43:45,REGULAR
CUST_0108,James Walker,melendezlori@example.net,2023-11-15 00:01:32,REGULAR
CUST_0109,William Mclean,mitchellandre@example.com,2024-09-19 14:21:39,REGULAR
CUST_0110,Karen Leon,zacharyflynn@example.com,2025-08-14 18:06:37,VIP
CUST_0111,Erin Wyatt,gregwilliams@example.org,2024-04-27 23:48:56,VIP
CUST_0112,Nathan Gutierrez,michaelaguilar@example.org,2023-12-08 09:27:40,REGULAR
CUST_0113,Nicole Marsh,shepardsusan@example.com,2023-07-28 01:54:18,PREMIUM
CUST_0114,Nichole Garcia,dhayes@example.net,2025-10-12 15:39:00,REGULAR
CUST_0115,Chelsea Nguyen,sergiovaughan@example.com,2025-12-16 11:36:48,REGULAR
CUST_0116,Ashley Dennis,mhill@example.net,2025-06-03 17:40:16,VIP
CUST_0117,Pam Galvan,paulkendra@example.com,2023-08-27 06:30:32,PREMIUM
CUST_0118,David Franklin,christopherthornton@example.org,2023-10-20 22:00:50,REGULAR
CUST_0119,Catherine Allen,cookjennifer@example.com,2023-12-11 18:36:05,REGULAR
CUST_0120,Valerie Schultz,huntisaac@example.com,2023-09-05 19:49:17,REGULAR
CUST_0121,Marcus Jennings,keithgomez@example.net,2026-06-17 19:09:57,REGULAR
CUST_0122,Brenda Davis,wprice@example.com,2026-02-13 08:55:34,REGULAR
CUST_0123,Dawn Walsh,wagnerdonna@example.org,2025-06-12 03:34:32,REGULAR
CUST_0124,Kurt Vaughn,ruizsarah@example.com,2026-04-26 14:52:16,PREMIUM
CUST_0125,Scott Hamilton,maxwell87@example.org,2025-09-09 00:57:52,REGULAR
CUST_0126,Hannah Short,aaroncarter@example.net,2024-02-19 11:50:50,PREMIUM
CUST_0127,Melvin Berger,stewartalyssa@example.net,2025-02-20 19:59:47,REGULAR
CUST_0128,Shawn Steele,obates@example.com,2025-11-18 17:57:24,REGULAR
CUST_0129,Louis Hernandez,davidmyers@example.com,2025-07-02 18:42:30,PREMIUM
CUST_0130,Anthony Bailey,frodriguez@example.net,2023-07-16 11:29:56,VIP
CUST_0131,Jenna Lopez,lopezalicia@example.org,2025-02-06 02:37:51,REGULAR
CUST_0132,David Sanchez,barkerjonathanexample.org,2024-05-22 12:36:22,REGULAR
CUST_0133,Ana Brown,christine46@example.net,2025-09-24 10:41:41,REGULAR
CUST_0134,Martin Mayer,richard72@example.com,2024-09-22 05:15:05,REGULAR
CUST_0135,Troy Pham,hdixon@example.net,2024-09-15 00:42:01,PREMIUM
CUST_0136,Tamara Blackburn,sburnett@example.com,2024-06-15 20:02:42,REGULAR
CUST_0137,Rachel Moody,jessica54@example.com,2025-05-10 23:07:13,REGULAR
CUST_0138,Karen Henry,baileyalvarado@example.net,2026-05-25 17:29:09,PREMIUM
CUST_0139,Benjamin Gould,marioreynolds@example.org,2024-08-02 18:43:58,REGULAR
CUST_0140,Melissa Whitehead,hoffmanjose@example.net,2024-03-26 15:20:07,REGULAR
CUST_0141,Mark Obrien,elijah37@example.org,2023-11-26 01:02:28,PREMIUM
CUST_0142,Michelle Rogers,cookmichael@example.net,2025-11-22 09:00:22,REGULAR
CUST_0143,Stefanie White,burnserica@example.com,2025-05-19 11:56:03,PREMIUM
CUST_0144,Chloe Morrison,mjohnson@example.com,2023-12-27 01:40:28,REGULAR
CUST_0145,David Nichols,rvargas@example.net,2024-05-30 03:35:12,REGULAR
CUST_0146,Jason Morris,griffinzachary@example.org,2024-12-20 15:53:37,REGULAR
CUST_0147,Jennifer Wheeler,erikrobertson@example.net,2025-11-17 03:55:45,PREMIUM
CUST_0148,Autumn Reed,sharon58@example.org,2024-09-24 13:25:34,PREMIUM
CUST_0149,Dennis Moss,xtrevino@example.com,2023-09-30 06:51:06,REGULAR
CUST_0150,Matthew Walter,riverakimberly@example.net,2026-05-26 15:29:13,VIP
CUST_0151,Peter Payne,davissharon@example.org,2024-10-03 07:23:59,REGULAR
CUST_0152,Matthew Ruiz,gchung@example.com,2026-03-28 18:03:28,REGULAR
CUST_0153,Tina Duncan,timothy37@example.com,2024-07-20 22:12:30,PREMIUM
CUST_0154,Amanda Kramer,jenniferdavis@example.net,2024-05-01 00:37:29,REGULAR
CUST_0155,Amy Mcbride,clinton35@example.com,2024-06-10 14:37:57,VIP
CUST_0156,James Lopez,reyestanner@example.com,2024-04-06 08:04:52,PREMIUM
CUST_0157,Danny Sanchez,watersstacey@example.com,2024-07-16 05:13:00,REGULAR
CUST_0158,Haley Williams,ejordan@example.com,2025-01-04 00:21:31,REGULAR
CUST_0159,Stanley Vang,morganbarr@example.net,2025-11-11 01:18:24,PREMIUM
CUST_0160,Jennifer Harris,gibsonmark@example.org,2024-12-25 01:37:43,REGULAR
CUST_0161,Jennifer Bird,jamesmark@example.com,2023-11-29 07:25:12,REGULAR
CUST_0162,Michael Porter,sanchezhannah@example.net,2026-06-08 20:39:15,PREMIUM
CUST_0163,Robert Turner,nicoleschmidt@example.com,2024-11-24 17:29:57,REGULAR
CUST_0164,Donald Carpenter,dakota82@example.net,2025-09-23 02:46:34,REGULAR
CUST_0165,Tammy Perez,michelle06@example.org,2025-12-17 13:39:27,REGULAR
CUST_0166,Kelly Hart,samanthaday@example.org,2026-01-04 21:42:32,REGULAR
CUST_0167,Bryan Carroll,codycoleman@example.org,2024-10-12 08:30:13,REGULAR
CUST_0168,Jonathan Singh,vaughnmarie@example.com,2024-04-29 00:37:02,REGULAR
CUST_0169,Sarah Mccormick,wwilliams@example.net,2026-06-19 01:32:21,REGULAR
CUST_0170,Colin Bass,adonaldson@example.org,2025-09-26 16:52:11,REGULAR
CUST_0171,Gregory Ross,vjennings@example.com,2025-01-29 10:38:12,REGULAR
CUST_0172,Brandon Shelton,westjames@example.com,2024-02-24 02:40:04,PREMIUM
CUST_0173,Michael Mcintosh,myersheather@example.org,2025-12-02 20:29:55,REGULAR
CUST_0174,Daniel Henry,rachelcruz,2026-01-12 14:12:38,REGULAR
CUST_0175,Nathaniel Jenkins,josephvasquez@example.com,2025-05-20 08:31:19,VIP
CUST_0176,Sherri Webster,bbarajas@example.net,2026-01-09 14:21:51,VIP
CUST_0177,Casey Jones,istone@example.org,2025-05-10 12:23:15,REGULAR
CUST_0178,Kimberly Anderson,rodriguezdeborah@example.com,2026-03-08 11:35:00,REGULAR
CUST_0179,Jennifer Sullivan,bakershawn@example.net,2025-09-20 15:32:47,VIP
CUST_0180,Jeffery Roberts,john42@example.com,2026-05-11 14:59:37,VIP
CUST_0181,Kim Young,laurashaffer@example.com,2023-10-04 11:00:33,REGULAR
CUST_0182,Brittney Bailey,jarvismike@example.net,2024-12-13 13:03:25,REGULAR
CUST_0183,Andrew Ellison,alejandramiller@example.org,2023-10-26 18:56:35,REGULAR
CUST_0184,Shannon Hall,blopez@example.com,2025-01-14 14:55:00,PREMIUM
CUST_0185,Troy Thomas,psmith@example.com,2024-05-24 01:21:59,REGULAR
CUST_0186,Roberto Walker,xmoore@example.com,2025-03-13 14:33:03,REGULAR
CUST_0187,Jill Poole,arthurmiller@example.org,2024-09-07 19:10:02,PREMIUM
CUST_0188,John Duarte,simmonsrichard@example.com,2024-09-18 13:42:49,REGULAR
CUST_0189,Rhonda Harris,sthompson@example.net,2024-09-22 12:54:47,REGULAR
CUST_0190,Jessica Taylor,amymejia@example.net,2023-08-08 07:04:24,REGULAR
CUST_0191,Wesley Barry,coreydavenport@example.net,2025-06-27 20:05:10,VIP
CUST_0192,Lisa Holloway,katie26@example.com,2025-05-24 17:06:55,REGULAR
CUST_0193,Bernard Villegas,wreyes@example.net,2025-04-26 10:26:26,REGULAR
CUST_0194,Richard House,williamthomas@example.com,2024-04-09 07:58:10,REGULAR
CUST_0195,Shannon Anderson,wpeters@example.net,2023-10-15 09:50:17,REGULAR
CUST_0196,Jennifer Smith,jgarrett@example.com,2024-01-05 06:41:08,REGULAR
CUST_0197,Jennifer Schultz,brian26@example.com,2025-06-26 23:19:53,REGULAR
CUST_0198,Sarah Jordan,kenneth02@example.com,2026-04-11 04:32:10,REGULAR
CUST_0199,Stephen Taylor,zsimmons@example.net,2026-03-22 00:48:39,REGULAR
CUST_0200,Gregory Preston,carolyn59example.org,2023-08-27 17:24:25,REGULAR
CUST_0201,Brian Schneider,margaretmoran@example.com,2025-01-31 00:17:38,REGULAR
CUST_0202,Miguel Miller,reyesnicholas@example.org,2024-11-30 18:58:49,REGULAR
CUST_0203,Christina Green,tammy91@example.net,2026-06-23 22:40:44,REGULAR
CUST_0204,Dana Jones,johnsontiffany@example.org,2026-01-23 03:02:24,REGULAR
CUST_0205,Carrie Clark,andersonnatalie@example.com,2025-07-09 05:55:55,REGULAR
CUST_0206,Jesse Robinson,fbell@example.net,2023-08-10 06:06:23,PREMIUM
CUST_0207,Shawn Collier,robinmartinez@example.com,2025-01-26 03:27:48,REGULAR
CUST_0208,Tina Elliott,alex38@example.org,2024-08-06 20:57:51,REGULAR
CUST_0209,Megan Hughes,michellesimpson@example.org,2026-05-10 12:26:17,REGULAR
CUST_0210,Sean Santos,katiebrown@example.org,2024-07-31 03:01:35,REGULAR
CUST_0211,Natasha Buchanan,uhines@example.com,2024-11-29 21:28:39,REGULAR
CUST_0212,William Watkins,bsullivan@example.org,2023-08-22 12:54:21,REGULAR
CUST_0213,Evan Williams,vreid@example.com,2023-11-15 19:59:45,REGULAR
CUST_0214,Daniel Robinson,kimmark@example.org,2026-06-23 23:22:56,PREMIUM
CUST_0215,Misty Cox,xlee@example.org,2024-02-15 17:45:21,REGULAR
CUST_0216,Tara Collins,elizabethallen@example.com,2025-08-06 10:32:19,REGULAR
CUST_0217,Valerie White,jcarter@example.net,2024-10-30 20:18:22,VIP
CUST_0218,Kristi Mitchell,rbuckley@example.net,2025-07-06 06:53:33,REGULAR
CUST_0219,Crystal Hernandez,bmyers@example.net,2025-03-03 09:20:13,PREMIUM
CUST_0220,Sara Munoz,amyflores@example.org,2026-02-04 11:54:29,PREMIUM
CUST_0221,Todd Harrell,jody26@example.org,2024-10-29 10:44:25,REGULAR
CUST_0222,Michael Williams,reginald53@example.com,2025-07-09 00:32:29,REGULAR
CUST_0223,Alex King,gentryjames@example.org,2025-07-01 23:07:02,REGULAR
CUST_0224,Melissa Ross,janetwilliams@example.org,2023-11-06 19:20:57,REGULAR
CUST_0225,Amy Johnson,tcamacho@example.com,2025-10-19 10:30:02,REGULAR
CUST_0226,Parker Lewis,ujohnson@example.com,2024-07-09 13:45:51,PREMIUM
CUST_0227,Jasmine Contreras,thomasrussell@example.net,2024-07-03 20:44:36,REGULAR
CUST_0228,Matthew Rogers,ginaperez@example.com,2024-08-18 10:51:25,VIP
CUST_0229,Justin Ritter,robinalvarez@example.com,2024-12-26 22:45:51,PREMIUM
CUST_0230,Brian Martinez,tferguson@example.org,2024-09-25 21:14:17,REGULAR
CUST_0231,Jody Harris,kmercer@example.net,2024-01-20 18:22:59,REGULAR
CUST_0232,Crystal Warner,ozimmerman@example.com,2025-03-25 20:15:41,REGULAR
CUST_0233,Christine Smith,bcastro@example.org,2025-03-11 14:37:52,PREMIUM
CUST_0234,Madison Graham,ajohnson@example.com,2025-08-12 05:15:33,REGULAR
CUST_0235,Richard Jordan,yhernandez,2026-03-23 21:33:16,REGULAR
CUST_0236,Diane Moreno,tmoore@example.org,2025-08-20 07:56:25,REGULAR
CUST_0237,Danielle Allen,bradle@example.org,2024-05-08 21:34:24,REGULAR
CUST_0238,Kimberly Wright,regina25@example.com,2026-06-18 22:49:19,REGULAR
CUST_0239,Andrea Little,ericagonzalez@example.com,2024-08-15 10:59:39,REGULAR
CUST_0240,Paula Mayer,nicholas15@example.org,2023-08-01 19:40:32,REGULAR
CUST_0241,Diane Ayala,christine59@example.com,2024-08-31 21:39:05,REGULAR
CUST_0242,Jennifer Hobbs,brianaaguilar@example.org,2026-06-22 04:29:12,REGULAR
CUST_0243,Joseph Perez,meredith69@example.net,2026-06-10 08:29:41,REGULAR
CUST_0244,Bradley Jones,dayariana@example.net,2024-01-02 00:48:32,REGULAR
CUST_0245,Tracy Cruz,ithomas@example.org,2023-08-22 20:45:21,REGULAR
CUST_0246,Timothy Mclaughlin,ricky49@example.net,2024-07-17 06:51:57,PREMIUM
CUST_0247,Jennifer Ward,cwarner@example.org,2023-08-21 13:27:40,REGULAR
CUST_0248,Kayla Parker,alex89@example.net,2023-08-10 17:52:22,PREMIUM
CUST_0249,Tara Gonzalez,wwhite@example.net,2024-01-05 22:53:47,VIP
CUST_0250,William Mack,porterannette@example.org,2025-08-15 14:11:06,REGULAR
CUST_0251,Diana Galloway,mayersarah@example.org,2023-10-03 12:45:26,REGULAR
CUST_0252,Matthew James,oday@example.org,2025-09-11 13:21:53,PREMIUM
CUST_0253,Cassie Ray,charlesallen@example.org,2026-07-01 19:13:39,PREMIUM
CUST_0254,Timothy Rivera,jennifer44@example.org,2026-01-24 07:18:45,REGULAR
CUST_0255,Andre Bright,rpeterson@example.com,2025-09-27 21:26:01,PREMIUM
CUST_0256,Alejandro Burnett,zachary55@example.org,2024-07-25 03:40:45,REGULAR
CUST_0257,Mary Houston,gregoryfranklin@example.org,2024-01-24 15:01:00,REGULAR
CUST_0258,Patrick Giles,griffindebra@example.org,2026-03-11 05:53:26,VIP
CUST_0259,Crystal Murphy,munozandrew@example.org,2023-12-21 23:46:59,REGULAR
CUST_0260,Elaine Barnett,scottkyle@example.com,2023-07-15 15:56:39,REGULAR
CUST_0261,Omar Vance,wcook@example.com,2025-10-08 00:50:29,REGULAR
CUST_0262,Rachel King,nwilliams@example.com,2024-04-17 00:51:34,PREMIUM
CUST_0263,Troy Vang,bakeranthony@example.com,2023-12-31 01:27:43,PREMIUM
CUST_0264,Lynn Simmons,wgarcia@example.org,2026-06-15 13:45:27,PREMIUM
CUST_0265,Antonio Beltran,karencarter@example.com,2024-12-24 10:53:13,REGULAR
CUST_0266,Keith Martinez,bgill@example.org,2026-03-14 01:29:54,REGULAR
CUST_0267,Krista Perez,pmontoya@example.org,2024-12-25 12:53:51,PREMIUM
CUST_0268,Timothy Conway,kleinthomas@example.org,2024-09-08 11:21:21,REGULAR
CUST_0269,Jennifer Thomas,kellysilva@example.com,2024-01-03 06:38:27,REGULAR
CUST_0270,Cassandra Johnson,martinlozano@example.org,2023-09-05 15:43:16,REGULAR
CUST_0271,Bryan Welch,penningtonneil@example.org,2025-12-31 15:02:15,VIP
CUST_0272,Nicholas Young,justinbell@example.com,2024-11-29 02:21:12,REGULAR
CUST_0273,Julian Hartman,kimberly89@example.org,2023-08-13 21:01:33,PREMIUM
CUST_0274,Christina Roy,stacy78@example.com,2025-12-08 12:34:57,REGULAR
CUST_0275,Thomas Bryant,scottjoshua@example.org,2024-01-28 19:13:24,REGULAR
CUST_0276,John Townsend,parkercharlene@example.net,2025-10-19 06:33:25,REGULAR
CUST_0277,David Jensen,ltaylor@example.org,2023-10-16 14:48:59,REGULAR
CUST_0278,Gabriel Rogers,meganwarner@example.net,2024-04-22 06:19:13,REGULAR
CUST_0279,David Ramirez,christopher03@example.com,2025-06-02 06:03:23,REGULAR
CUST_0280,Christina Edwards,travis96@example.net,2025-07-25 08:06:03,PREMIUM
CUST_0281,Derrick Kane,coreysmith@example.com,2025-01-16 03:50:52,PREMIUM
CUST_0282,Monica Lawson,byrdphillip@example.com,2024-02-13 04:59:53,REGULAR
CUST_0283,John Clark,diana46@example.com,2023-09-30 06:02:17,PREMIUM
CUST_0284,Lisa Soto,tcole@example.org,2025-03-17 03:00:05,VIP
CUST_0285,Marcus Johnson,gilmorejoseph@example.net,2024-01-04 19:19:27,PREMIUM
CUST_0286,Ashley Pope,mark46@example.org,2024-12-19 01:16:11,REGULAR
CUST_0287,Monica Atkinson,michelletorres@example.com,2026-01-02 00:07:41,PREMIUM
CUST_0288,Omar Stephenson,batesmarilyn@example.net,2024-03-31 06:00:51,PREMIUM
CUST_0289,Anthony Buck,oking@example.net,2025-09-02 08:06:03,REGULAR
CUST_0290,Christopher Tucker,srivas@example.com,2026-06-17 03:11:52,REGULAR
CUST_0291,Kristen Hernandez,jonathanleonard@example.net,2024-05-24 12:08:11,PREMIUM
CUST_0292,Glenda Porter,schroederlawrence@example.com,2024-07-12 17:56:11,PREMIUM
CUST_0293,Richard Sharp,dustinmccarthy@example.net,2023-07-22 23:53:45,REGULAR
CUST_0294,Paul Kennedy,wallaceconnor@example.org,2024-03-09 23:09:58,REGULAR
CUST_0295,Sophia Harrell,vhall@example.org,2025-09-03 20:31:36,PREMIUM
CUST_0296,Cynthia Campbell,lucaskyle@example.com,2025-12-13 04:40:44,REGULAR
CUST_0297,Kimberly Williams,joy16@example.com,2024-05-13 12:56:53,REGULAR
CUST_0298,Dylan Beasley,tliu@example.net,2024-03-09 09:42:31,VIP
CUST_0299,Amy Fleming,danielle14@example.org,2024-03-29 06:26:12,REGULAR
CUST_0300,Nicholas Shaw,cassandraberg@example.org,2024-02-05 16:41:22,REGULAR
CUST_0301,Alex Simpson,larry07@example.net,2025-03-17 19:40:53,REGULAR
CUST_0302,Lindsey Miller,amber38@example.com,2025-08-28 08:20:07,PREMIUM
CUST_0303,Alec Williamson,elizabeth75@example.org,2024-11-21 14:05:05,PREMIUM
CUST_0304,Ronald Stevens,clevine@example.net,2024-10-12 20:34:35,REGULAR
CUST_0305,Jesse Hughes,robertdurham@example.com,2024-11-27 06:32:47,REGULAR
CUST_0306,Scott Warren,jeannemathis@example.net,2024-07-31 05:38:44,REGULAR
CUST_0307,Michael Collins,leah07@example.net,2026-01-24 17:38:40,REGULAR
CUST_0308,Andrea Baldwin,corey42@example.org,2026-04-05 21:50:31,REGULAR
CUST_0309,Lisa Fitzgerald,sandravega@example.net,2025-08-21 16:03:48,REGULAR
CUST_0310,Cynthia Allison,hansenashley@example.com,2024-01-28 20:11:49,VIP
CUST_0311,Scott Daniels,timothyfitzgerald@example.com,2025-03-12 15:55:09,REGULAR
CUST_0312,Jordan Spencer,sherryporter@example.org,2026-05-05 14:02:57,REGULAR
CUST_0313,Benjamin Becker,ryanweber@example.org,2024-10-28 11:20:36,REGULAR
CUST_0314,Jacqueline Maldonado,morrishenry@example.net,2025-01-02 07:37:43,VIP
CUST_0315,Angelica Martinez,rwilliams@example.com,2025-05-09 07:28:33,PREMIUM
CUST_0316,Logan Scott,leematthew@example.org,2025-05-08 19:55:46,PREMIUM
CUST_0317,Stacey Hernandez,mallorycantu@example.net,2025-02-19 13:03:00,VIP
CUST_0318,Andrew Lang,destinyflowers@example.net,2024-03-23 05:29:55,VIP
CUST_0319,Veronica Lozano,shari84@example.net,2025-11-09 16:36:09,PREMIUM
CUST_0320,Jose Hunter,ramirezmadison@example.org,2024-01-20 04:03:43,VIP
CUST_0321,Steven Rice,michaeltran@example.net,2025-11-17 02:12:20,REGULAR
CUST_0322,Mary Hill,johnmartinez@example.org,2024-07-18 23:28:53,REGULAR
CUST_0323,Logan Cohen,rodneydiaz@example.net,2024-01-28 11:36:43,PREMIUM
CUST_0324,Stephen Wright,emily54@example.com,2023-12-13 21:42:26,PREMIUM
CUST_0325,Edward Pope,trasmussen@example.org,2024-05-04 19:06:16,REGULAR
CUST_0326,Ricardo Flores,gerald16@example.net,2024-10-23 11:00:44,REGULAR
CUST_0327,April Lopez,angelawang@example.org,2025-07-17 00:26:24,REGULAR
CUST_0328,Jessica Obrien,coxscott@example.net,2025-05-20 18:37:21,REGULAR
CUST_0329,Andrew Carter,walkerdevon@example.com,2026-05-20 03:50:32,REGULAR
CUST_0330,Debra Miller,williamford,2026-01-09 10:22:45,PREMIUM
CUST_0331,Deborah Gibson,rfinley@example.net,2024-02-19 00:11:28,VIP
CUST_0332,Eddie Robinson,sanchezbrian@example.net,2024-06-03 18:19:36,REGULAR
CUST_0333,William Hood,erichall@example.com,2026-01-10 11:25:47,VIP
CUST_0334,Daniel Brown DDS,fjennings@example.net,2025-01-25 15:59:01,REGULAR
CUST_0335,Brian Hardin,wgibbs@example.net,2025-08-28 04:25:06,REGULAR
CUST_0336,Nathan Long,webbrobert@example.net,2025-03-25 15:49:18,REGULAR
CUST_0337,Nancy Lozano,olsonblake@example.org,2024-02-02 12:44:21,REGULAR
CUST_0338,Robert Ramos,uevans@example.net,2024-03-04 04:24:21,REGULAR
CUST_0339,Heidi Watson,vsmith@example.com,2023-08-27 09:23:13,REGULAR
CUST_0340,Barbara Powell,vhodge@example.org,2025-10-09 09:07:56,REGULAR
CUST_0341,Nancy Johnson,marshallrachel@example.org,2024-04-28 12:53:13,REGULAR
CUST_0342,Crystal Lyons,jackie73@example.com,2025-04-04 11:08:30,REGULAR
CUST_0343,Crystal Collins,thomasross@example.net,2025-01-14 13:18:56,REGULAR
CUST_0344,Austin Johnson,kchristensen@example.org,2024-02-15 01:18:58,REGULAR
CUST_0345,Terry Garcia,allen87@example.org,2026-06-04 18:15:20,REGULAR
CUST_0346,Melinda Wilson,zhull@example.com,2024-05-09 02:44:07,REGULAR
CUST_0347,Stephen Rios,vwilliams@example.org,2024-03-30 02:08:21,REGULAR
CUST_0348,Wendy Tucker,mwatkins@example.com,2024-02-01 04:04:25,REGULAR
CUST_0349,Miss Karen Anderson,christopherbrown@example.org,2025-12-23 06:41:40,REGULAR
CUST_0350,Danielle Jones,rtyler@example.com,2025-06-30 22:30:55,VIP
CUST_0351,Derek Ramirez,bbrown@example.org,2025-09-16 05:27:49,REGULAR
CUST_0352,Yolanda Schmitt,jacksontammy@example.org,2025-03-15 12:25:45,REGULAR
CUST_0353,David Cooper,walkermonique@example.org,2025-05-20 12:36:00,REGULAR
CUST_0354,Christine Baker,nphillips@example.net,2026-04-11 02:30:10,PREMIUM
CUST_0355,Stephanie Miller,kennethgilbert@example.com,2025-07-16 19:27:19,REGULAR
CUST_0356,Steven Noble,lsalinas@example.com,2026-07-07 01:19:42,REGULAR
CUST_0357,Michelle Vargas,dylan60@example.com,2026-01-20 23:22:18,PREMIUM
CUST_0358,David Burgess,monica62@example.net,2025-09-18 04:42:38,PREMIUM
CUST_0359,Patrick Wilkins,martinlarry@example.com,2025-03-07 11:21:22,PREMIUM
CUST_0360,Debbie Hawkins,smithangelica@example.com,2024-01-12 23:48:10,REGULAR
CUST_0361,Brad Dillon,angelasolis@example.com,2023-07-24 19:50:52,VIP
CUST_0362,Alejandro Oneill,leematthew@example.net,2025-09-10 04:20:26,PREMIUM
CUST_0363,Michael Taylor,xgibson@example.com,2024-03-07 14:38:27,REGULAR
CUST_0364,Michael Turner,thomastyler@example.org,2024-12-02 08:20:20,VIP
CUST_0365,Nicole Gordon,david26@example.net,2026-07-03 11:36:14,REGULAR
CUST_0366,Ms. Becky May DVM,deborah38@example.net,2025-05-12 21:05:37,REGULAR
CUST_0367,Marc Stuart,stephengriffith@example.com,2024-03-08 22:03:30,REGULAR
CUST_0368,Victor Walker,lrodriguez@example.org,2026-06-03 06:50:03,PREMIUM
CUST_0369,Nathan Hernandez,michaelpatterson@example.net,2026-06-04 18:05:15,REGULAR
CUST_0370,Alicia Parrish,brian21@example.com,2024-01-30 17:05:05,PREMIUM
CUST_0371,Bryan Chavez,lgeorgeexample.net,2024-03-31 02:38:28,REGULAR
CUST_0372,Wendy Garza,briangonzalez@example.net,2023-08-28 15:35:04,PREMIUM
CUST_0373,Steven Schultz,aviladarren@example.com,2026-07-07 07:25:30,PREMIUM
CUST_0374,Jennifer Khan DVM,danadavis@example.org,2023-10-11 05:57:28,REGULAR
CUST_0375,James Ellis,laura35@example.org,2025-06-04 20:37:14,REGULAR
CUST_0376,Melissa Miller,natalie25@example.net,2025-03-13 00:32:19,REGULAR
CUST_0377,Pamela Reyes,matthewguzman@example.com,2025-06-04 20:08:33,REGULAR
CUST_0378,Rebecca Kim,lyonsmartin@example.net,2025-01-28 01:52:42,REGULAR
CUST_0379,Jessica Bell,ogibson@example.org,2026-02-17 18:33:50,REGULAR
CUST_0380,Kimberly Barker,sarahking@example.org,2024-10-29 17:35:41,REGULAR
CUST_0381,Taylor Cook,nlynch@example.org,2025-05-24 01:59:08,REGULAR
CUST_0382,David Griffith,samuel99@example.net,2025-09-17 06:48:20,PREMIUM
CUST_0383,Sarah Larsen,rjensen@example.org,2023-08-23 19:55:24,REGULAR
CUST_0384,Charles Johnson,james82@example.org,2025-07-01 07:35:01,VIP
CUST_0385,Jordan Frazier,wtate@example.com,2024-12-07 10:52:26,PREMIUM
CUST_0386,Laura Mclaughlin,floresmichael@example.com,2026-04-17 05:43:24,REGULAR
CUST_0387,Melissa Novak,rclark@example.com,2025-10-25 17:31:36,REGULAR
CUST_0388,Russell Grimes,williamsstephen@example.org,2024-03-14 00:09:43,REGULAR
CUST_0389,Sean Pennington,tburns@example.com,2024-05-30 16:40:20,REGULAR
CUST_0390,Kenneth Rivera,howelldavid@example.org,2025-12-23 23:56:49,REGULAR
CUST_0391,Lindsay Wallace,hernandezjill@example.org,2024-08-18 04:56:02,REGULAR
CUST_0392,Gina Vasquez,brenda38@example.net,2023-11-27 22:47:01,PREMIUM
CUST_0393,Timothy Good,eric65@example.org,2024-12-22 08:08:24,PREMIUM
CUST_0394,Christopher Williams,hansenandrea@example.org,2026-04-02 03:14:11,REGULAR
CUST_0395,Terri Rubio,sherri64@example.com,2025-11-20 17:20:00,VIP
CUST_0396,Stephen Berry,belindaroy@example.net,2025-06-21 03:14:18,REGULAR
CUST_0397,Gary Marshall,emilyperry@example.org,2026-04-08 09:01:54,REGULAR
CUST_0398,Joshua Perez,jennifer02@example.org,2025-07-31 13:26:46,PREMIUM
CUST_0399,Jason White,nzamora@example.com,2025-10-25 21:24:50,REGULAR
CUST_0400,Mark Fernandez,ashleyfrost@example.net,2025-07-22 09:56:09,REGULAR
CUST_0401,Steven Burns,martinjose@example.org,2026-01-12 03:54:17,VIP
CUST_0402,Martin Brooks,brandydiaz@example.org,2024-10-20 22:07:08,PREMIUM
CUST_0403,Emily Black,robertsronnie@example.org,2024-08-18 07:08:25,REGULAR
CUST_0404,Samuel Barron,zadams@example.com,2023-12-19 00:16:46,REGULAR
CUST_0405,Megan Randolph,jbrown@example.com,2024-05-07 16:36:51,REGULAR
CUST_0406,Paul Atkins,shawnwilson@example.com,2025-05-06 10:46:02,REGULAR
CUST_0407,Lawrence Farley,nathanfuller@example.com,2026-06-19 06:06:14,VIP
CUST_0408,Evelyn Wilson,vcarlson@example.net,2024-10-02 20:50:51,REGULAR
CUST_0409,Lisa Fuller,santosjohn@example.com,2024-05-16 15:49:52,VIP
CUST_0410,Patrick Fields,oscar25@example.org,2024-04-26 09:29:11,REGULAR
CUST_0411,Ryan Miller,mark62@example.net,2024-03-31 15:36:22,REGULAR
CUST_0412,Katherine Williams,edward89@example.net,2025-06-01 14:05:53,PREMIUM
CUST_0413,Robert Reeves,wsummers@example.com,2025-07-03 23:19:13,REGULAR
CUST_0414,Dr. Evelyn Li,peterhaley@example.net,2026-06-25 00:49:51,REGULAR
CUST_0415,Tracey Lawrence,blackamy@example.com,2025-06-29 04:57:24,VIP
CUST_0416,Nicole Mays,oliviacharles@example.net,2025-06-12 01:46:11,REGULAR
CUST_0417,Thomas Parker,angela89@example.com,2026-05-19 15:24:14,REGULAR
CUST_0418,Eric Villa,ramseyjames@example.com,2025-01-29 13:36:45,REGULAR
CUST_0419,Lisa Johnson,paul18@example.net,2026-06-01 20:28:54,REGULAR
CUST_0420,Nina Tate,derekpetty@example.com,2024-11-20 02:05:54,REGULAR
CUST_0421,Nicole Price,angela07@example.net,2023-11-26 12:48:49,REGULAR
CUST_0422,Daniel Gibson,barbara93@example.com,2025-08-27 15:37:56,VIP
CUST_0423,Matthew Carrillo,njohnson@example.net,2026-03-05 18:57:16,VIP
CUST_0424,Charles Roach,robertstrevor@example.com,2024-07-03 23:05:42,PREMIUM
CUST_0425,Susan Larson,williamsnathan@example.org,2026-07-02 14:26:13,REGULAR
CUST_0426,Ashley Thomas,silvanathan@example.org,2024-12-17 19:19:33,REGULAR
CUST_0427,Jason James,turnerbrian@example.com,2024-01-09 06:58:57,VIP
CUST_0428,Melanie George,hoganjennifer@example.net,2025-06-08 23:47:51,PREMIUM
CUST_0429,Travis Clarke,raymondchristopher@example.org,2024-10-17 08:53:13,REGULAR
CUST_0430,Debbie Barr,camerondaniel@example.com,2026-03-31 11:04:59,VIP
CUST_0431,Jonathan Ortiz,ramirezrobert@example.com,2024-02-27 01:43:00,VIP
CUST_0432,Adam Tyler,tracyvilla@example.net,2024-08-27 05:01:14,REGULAR
CUST_0433,Shawn Roberts,wfields@example.org,2026-06-02 22:24:32,REGULAR
CUST_0434,Nicholas Jackson,claudia59@example.net,2025-07-28 19:42:05,PREMIUM
CUST_0435,Emily Baker,michaelfox@example.org,2023-11-10 09:21:15,REGULAR
CUST_0436,Chad Armstrong,barbara84@example.net,2026-02-16 18:32:33,PREMIUM
CUST_0437,Andrew Johnson,holdencarlos@example.net,2023-07-29 13:33:43,PREMIUM
CUST_0438,Michael Baldwin,samantha35@example.org,2023-07-31 07:51:12,REGULAR
CUST_0439,Vanessa Ramirez,scotthaley@example.net,2024-03-16 02:56:52,REGULAR
CUST_0440,Austin Sweeney,bishopaaron@example.org,2024-06-02 15:36:44,REGULAR
CUST_0441,Benjamin Campbell,sherribarnes@example.net,2023-09-03 15:41:52,PREMIUM
CUST_0442,Jennifer Ellison,patriciamartinez@example.com,2023-08-25 08:29:28,REGULAR
CUST_0443,Barbara Jackson,gorozco@example.com,2025-10-29 03:54:05,REGULAR
CUST_0444,Regina Romero,pmorton@example.org,2024-04-28 09:51:55,PREMIUM
CUST_0445,Christine Horn,grant98@example.net,2024-12-23 12:30:06,REGULAR
CUST_0446,Penny Brown,jean89@example.net,2025-07-28 05:49:44,PREMIUM
CUST_0447,Martin Hamilton,jacqueline46@example.org,2023-07-31 23:55:17,PREMIUM
CUST_0448,Anthony Neal,laura06@example.net,2025-11-13 11:53:13,REGULAR
CUST_0449,Wendy Gill,susanmedina@example.net,2026-03-05 06:06:25,REGULAR
CUST_0450,Johnathan Foley,lewismichaelexample.net,2024-01-23 18:47:27,REGULAR
CUST_0451,Lindsey Miller,hunterbrittany@example.org,2025-02-05 05:05:14,VIP
CUST_0452,Jordan Smith,zsloan@example.com,2024-12-18 00:40:53,PREMIUM
CUST_0453,Kimberly Bailey,williamspaul@example.net,2024-08-17 11:24:09,REGULAR
CUST_0454,Samantha Williamson,garnerjeffrey@example.net,2026-05-26 23:20:40,REGULAR
CUST_0455,Michelle Burgess,vchang@example.org,2026-01-02 18:40:57,REGULAR
CUST_0456,Eric Richards,nicole47@example.org,2024-09-12 02:27:52,REGULAR
CUST_0457,Peter Perkins,pcurtis@example.net,2023-10-28 17:30:05,REGULAR
CUST_0458,Jennifer Harrington,adamsjames@example.com,2024-11-11 23:33:34,REGULAR
CUST_0459,Aaron Wilson,steven45@example.org,2023-08-07 08:03:51,REGULAR
CUST_0460,Katrina Kelly DVM,dherrera@example.org,2024-05-25 22:18:15,VIP
CUST_0461,Douglas Tyler,samanthafischer@example.org,2023-07-24 20:27:27,REGULAR
CUST_0462,Andrew Davis,laurenbarry@example.net,2026-03-24 02:35:32,REGULAR
CUST_0463,Diane Diaz,egaines@example.net,2024-03-08 20:48:31,REGULAR
CUST_0464,Deanna French,jcruz@example.org,2024-05-10 20:51:44,REGULAR
CUST_0465,Dan Wright DVM,laura51@example.com,2024-10-28 09:54:49,REGULAR
CUST_0466,Troy Johnson,ldickerson@example.net,2025-04-09 20:05:37,PREMIUM
CUST_0467,Peter Vaughn,tararomero@example.org,2024-10-05 12:39:21,PREMIUM
CUST_0468,Wayne Bowen,yjohnson@example.com,2026-06-16 04:26:08,REGULAR
CUST_0469,Meghan Oliver,lisa71@example.com,2025-08-01 02:16:41,REGULAR
CUST_0470,Tracy Martin,nancy87@example.net,2025-02-04 20:31:29,PREMIUM
CUST_0471,Joseph Ballard,davidrichards@example.net,2024-03-18 11:59:23,REGULAR
CUST_0472,Jimmy Andrews,blee@example.org,2023-11-03 21:58:18,REGULAR
CUST_0473,Mike Alvarado,jacksonjulia@example.com,2024-04-19 09:05:40,REGULAR
CUST_0474,Christopher Lopez,smithmelissa@example.org,2026-06-26 05:20:34,VIP
CUST_0475,Ashley Smith,jason42@example.com,2024-05-14 23:16:11,REGULAR
CUST_0476,Victoria Wolf,jenniferhoffman@example.com,2025-03-25 15:20:48,REGULAR
CUST_0477,Chris Haynes,charles61,2023-10-21 13:08:05,REGULAR
CUST_0478,Jesse Sanchez,jennifer93@example.org,2024-02-13 03:58:04,VIP
CUST_0479,Caleb Hill,hendersonmichelle@example.net,2025-03-03 04:37:03,PREMIUM
CUST_0480,Courtney Sanders,amygray@example.org,2024-06-23 19:23:09,REGULAR
CUST_0481,Timothy Zhang,darlenerobertson@example.net,2024-01-24 08:21:10,REGULAR
CUST_0482,Gabriel Gomez,travis19@example.org,2024-10-27 16:59:04,REGULAR
CUST_0483,Chloe Ryan,christopherpalmer@example.org,2026-06-12 06:48:52,REGULAR
CUST_0484,Teresa Thomas,christopher81@example.org,2024-07-21 17:02:42,REGULAR
CUST_0485,David Medina,garciaamy,2025-03-05 20:37:12,REGULAR
CUST_0486,Ryan Carlson,tstafford@example.com,2024-12-23 04:20:50,REGULAR
CUST_0487,Gabriel Burton,denisemercado@example.org,2025-05-05 14:22:42,PREMIUM
CUST_0488,Eric Garcia,rita18@example.org,2023-12-29 13:14:45,REGULAR
CUST_0489,Nicholas Buchanan,kathrynbrown@example.org,2025-05-23 11:23:47,REGULAR
CUST_0490,David Fletcher,kyle35@example.net,2024-03-16 05:40:00,REGULAR
CUST_0491,Jessica Scott,odavis@example.net,2025-05-03 10:42:05,REGULAR
CUST_0492,Bridget Woodard,fhill@example.net,2024-09-21 14:02:26,REGULAR
CUST_0493,Christina Martin,yhuff@example.net,2025-07-28 07:22:26,REGULAR
CUST_0494,Sarah Brown,butlerlaura@example.net,2025-01-25 09:59:57,REGULAR
CUST_0495,Ms. Kimberly Rosales,washingtonaaron@example.com,2025-12-09 17:02:44,REGULAR
CUST_0496,Amy Carpenter,alexanderjoshua@example.com,2024-03-30 10:13:47,PREMIUM
CUST_0497,Jennifer Gonzales,onewton@example.org,2025-06-03 13:43:38,VIP
CUST_0498,Michael Carroll,russellnicholas@example.org,2026-03-14 16:16:01,REGULAR
CUST_0499,William Stanley,jamesaguilar@example.com,2025-12-04 06:12:16,PREMIUM
CUST_0500,Heidi Rollins,richardarnold@example.org,2023-11-21 23:56:14,REGULAR
CUST_0501,Brenda Velasquez,susan87@example.org,2024-12-23 13:52:47,VIP
CUST_0502,Tammy Kerr,lparker@example.net,2025-02-26 03:07:10,REGULAR
CUST_0503,Kimberly Cooper,kaufmantimothy@example.org,2026-02-13 20:07:35,REGULAR
CUST_0504,Timothy Mcfarland,mahoneyholly@example.com,2025-11-29 20:39:10,VIP
CUST_0505,Denise Roberts,karenmendez@example.net,2024-11-05 20:14:58,VIP
CUST_0506,Jason Stewart,oanderson@example.com,2026-01-02 13:02:21,REGULAR
CUST_0507,Matthew Walker,jonesanthony@example.com,2025-03-16 15:04:19,REGULAR
CUST_0508,Mr. Kevin Sims MD,michaela59@example.net,2023-07-22 13:04:19,VIP
CUST_0509,Joseph Gonzalez,bjones@example.net,2024-07-02 22:40:09,REGULAR
CUST_0510,Martha Strong,bsmith@example.com,2024-09-05 03:18:22,VIP
CUST_0511,Stephen Riley,lisa15@example.org,2025-08-16 23:30:57,REGULAR
CUST_0512,Kayla Whitaker,barbarayoung@example.com,2023-11-19 06:13:46,PREMIUM
CUST_0513,Jennifer Casey,qrichard@example.com,2024-03-07 07:40:54,VIP
CUST_0514,Tammy Freeman,stevenatkinson@example.net,2025-12-21 19:02:09,REGULAR
CUST_0515,Kimberly Ray,rebecca05@example.org,2024-11-21 10:15:27,PREMIUM
CUST_0516,Gary Hood,bradystacey@example.net,2024-03-05 06:37:49,REGULAR
CUST_0517,Laurie Taylor,vjohnson@example.org,2025-08-30 22:32:52,REGULAR
CUST_0518,Debra Mendoza,johnsonmichael@example.net,2026-07-03 20:41:27,PREMIUM
CUST_0519,Jacqueline Murphy,mrivera@example.com,2026-07-10 10:05:02,REGULAR
CUST_0520,Ross Lynch,margaretjones@example.com,2023-10-05 13:32:52,REGULAR
CUST_0521,Angela Walton,judy58@example.net,2024-05-18 06:07:02,REGULAR
CUST_0522,Jeffrey Faulkner,fosterandrew@example.net,2024-11-23 16:09:33,REGULAR
CUST_0523,Brandon Pittman,robertwebster@example.com,2025-04-06 19:15:59,REGULAR
CUST_0524,Michael Rush,robertseric@example.org,2023-07-27 06:06:50,PREMIUM
CUST_0525,Julie Gregory,nreid@example.com,2025-07-04 15:45:43,REGULAR
CUST_0526,Seth Banks,john17@example.net,2025-12-14 19:21:39,REGULAR
CUST_0527,Linda Fry,cmora@example.org,2025-10-06 21:03:21,REGULAR
CUST_0528,Sierra Brown,joseph75@example.net,2026-06-17 23:10:18,REGULAR
CUST_0529,Katelyn Peterson,aaron94@example.com,2026-03-16 17:44:42,REGULAR
CUST_0530,Alejandra Sanders,gary38@example.org,2023-11-30 16:13:49,REGULAR
CUST_0531,Jennifer Daniels,fsmith@example.com,2023-08-27 17:38:44,REGULAR
CUST_0532,Amber Ball,curtiswilson@example.net,2024-07-13 10:37:16,REGULAR
CUST_0533,Yvonne Dickson,ihernandez@example.org,2025-01-23 13:45:32,VIP
CUST_0534,Kimberly Hunt,lbright@example.org,2023-10-10 00:59:35,REGULAR
CUST_0535,Jennifer Sosa,lisa41@example.org,2025-02-05 07:15:05,PREMIUM
CUST_0536,Dakota Marshall,shirley53@example.com,2025-05-20 01:48:20,REGULAR
CUST_0537,David Stewart,churchbridget@example.com,2024-07-31 11:34:18,REGULAR
CUST_0538,Ronald Burke,angel84@example.net,2025-06-25 21:45:56,REGULAR
CUST_0539,Malik Hernandez,sherri22@example.net,2024-03-15 11:03:17,REGULAR
CUST_0540,Christine Holmes,vdavenport@example.org,2025-03-12 02:18:23,VIP
CUST_0541,Connie Schwartz,ameyers@example.com,2024-09-13 16:34:20,PREMIUM
CUST_0542,Ashley Dunn,sandersashley@example.net,2025-09-21 06:36:13,REGULAR
CUST_0543,Samantha Harris,patricia18example.com,2023-12-05 20:47:09,REGULAR
CUST_0544,Katherine Browning,brittany50@example.net,2023-07-30 17:38:02,REGULAR
CUST_0545,April Perez,rkelly@example.net,2023-08-01 20:48:14,REGULAR
CUST_0546,Gloria Sanchez,stacy55@example.com,2025-12-13 20:50:56,REGULAR
CUST_0547,Aaron Ayers,julie59@example.com,2026-06-25 04:36:19,REGULAR
CUST_0548,Peter Cochran,kimberly94@example.org,2026-04-25 00:43:07,REGULAR
CUST_0549,Kenneth Simpson,lfischer@example.com,2024-04-14 12:49:10,REGULAR
CUST_0550,Jessica Taylor,jeffrey16example.net,2026-07-06 16:28:00,REGULAR
CUST_0551,Christopher Walls,crystalriggs@example.com,2025-03-01 19:26:35,REGULAR
CUST_0552,Nicole Jones,douglas37@example.org,2026-01-12 20:35:27,PREMIUM
CUST_0553,Margaret James,kellysosa@example.com,2026-02-11 15:24:45,REGULAR
CUST_0554,Stanley Lopez,nelsonjesse@example.net,2025-06-12 18:55:12,PREMIUM
CUST_0555,Elizabeth Goodman,smorales@example.org,2025-06-14 04:41:08,REGULAR
CUST_0556,Jeffrey Anderson Jr.,donaldwade@example.net,2024-11-19 16:34:55,VIP
CUST_0557,Brady Becker,douglasvictoria@example.com,2023-09-02 02:16:15,REGULAR
CUST_0558,Lisa Smith,riverajoyce@example.com,2024-09-06 21:23:43,REGULAR
CUST_0559,Mr. John Park,taylor56@example.net,2025-09-15 11:15:54,VIP
CUST_0560,Jaime Taylor,kimberly43@example.org,2025-02-17 16:50:37,VIP
CUST_0561,Timothy Glover,joshuaanderson@example.net,2025-05-19 03:52:39,REGULAR
CUST_0562,Daniel Williams,russell46@example.net,2023-10-24 11:20:40,REGULAR
CUST_0563,Joseph Mitchell,jreynolds@example.com,2025-12-06 14:12:27,REGULAR
CUST_0564,Kristin Sutton,garciamichelle@example.com,2025-08-16 08:19:45,VIP
CUST_0565,Samantha Ward,megannguyen@example.net,2026-04-17 18:34:27,REGULAR
CUST_0566,Karen Gibson,michaelyang@example.org,2024-06-19 11:58:43,REGULAR
CUST_0567,Dawn Lopez,coxkristen@example.com,2024-02-12 21:21:01,REGULAR
CUST_0568,Jordan Jones,jeremy66@example.org,2026-01-06 11:58:14,REGULAR
CUST_0569,Wesley Kelley,sean81@example.net,2026-04-25 08:03:48,REGULAR
CUST_0570,Lynn Thomas,deborahali@example.net,2025-06-14 01:25:37,REGULAR
CUST_0571,Elizabeth Black,steven63@example.com,2024-02-28 01:00:47,PREMIUM
CUST_0572,Emily French,michael53@example.com,2025-11-06 13:37:31,PREMIUM
CUST_0573,Laura Warner,jenniferleonard@example.org,2023-11-27 06:09:32,REGULAR
CUST_0574,Carlos Manning,christinawilliamson@example.net,2024-04-19 10:09:28,REGULAR
CUST_0575,Jason Stone,xwilson@example.net,2025-06-23 05:16:19,PREMIUM
CUST_0576,Cameron Beard,annetterojas@example.org,2025-11-14 12:33:58,REGULAR
CUST_0577,Laura Evans,leon70@example.com,2023-09-19 10:53:27,REGULAR
CUST_0578,Juan Leach,tim08@example.org,2026-02-11 01:55:08,VIP
CUST_0579,Adrienne Johnson,sheriday@example.org,2024-04-16 01:15:35,REGULAR
CUST_0580,Ricardo Rasmussen,gsanchez@example.org,2026-05-31 18:53:01,PREMIUM
CUST_0581,Thomas Davis,richardsonnorman@example.com,2024-03-28 23:18:09,REGULAR
CUST_0582,Denise Cobb,judymiller@example.net,2024-10-09 05:38:40,VIP
CUST_0583,Courtney Ellison,mayscott@example.net,2024-08-04 00:06:23,REGULAR
CUST_0584,Nicole Johnson,tmyers@example.org,2025-01-06 16:53:41,VIP
CUST_0585,Elizabeth Warner,frenchalyssa@example.com,2023-09-12 20:47:54,REGULAR
CUST_0586,Krystal Soto,greendustin@example.net,2024-11-03 21:39:12,PREMIUM
CUST_0587,Casey Beard,katherine13@example.net,2024-04-26 15:02:22,PREMIUM
CUST_0588,Benjamin Johnson,robert21@example.net,2023-12-15 00:54:34,PREMIUM
CUST_0589,Joseph Velasquez,alyssahoward@example.com,2026-02-20 23:12:31,REGULAR
CUST_0590,Matthew Lara,mannjeffrey@example.org,2026-03-11 11:50:46,PREMIUM
CUST_0591,Joseph Jenkins,angelagomez@example.com,2023-11-04 22:05:20,REGULAR
CUST_0592,Gabriela Murillo,jennifer54@example.net,2026-03-19 03:13:19,VIP
CUST_0593,Joseph Powell,eharris@example.com,2023-08-05 20:25:27,PREMIUM
CUST_0594,Shaun Jackson,santosthomas@example.org,2026-05-31 17:21:42,REGULAR
CUST_0595,Angela Jackson,richardelliott@example.org,2024-08-24 01:48:32,REGULAR
CUST_0596,Larry Green,fdavis@example.org,2024-02-26 12:55:18,REGULAR
CUST_0597,Kenneth Miller,cranebarbara,2024-01-07 17:55:22,REGULAR
CUST_0598,William Williams,morgan13@example.org,2024-07-16 23:05:13,REGULAR
CUST_0599,Michael Bowen,kellihall@example.net,2025-06-23 16:42:33,REGULAR
CUST_0600,Gregory Kelly,deborahmcmahon@example.com,2023-08-20 21:26:54,REGULAR
